Rank,Position,Name,School,Grade,URL
1,S,Caleb Downs,Ohio State,9.2,https://bleacherreport.com/articles/25248468-nfl-draft-2026-scouting-report-ohio-state-s-caleb-downs
2,RB,Jeremiyah Love,Notre Dame,9.0,https://bleacherreport.com/articles/25248572-nfl-draft-2026-scouting-report-notre-dame-rb-jeremiyah-love
3,QB,Fernando Mendoza,Indiana,8.6,https://bleacherreport.com/articles/25248189-nfl-draft-2026-scouting-report-indiana-qb-fernando-mendoza
4,LB,Arvell Reese,Ohio State,8.5,https://bleacherreport.com/articles/25261843-nfl-draft-2026-scouting-report-ohio-state-lb-arvell-reese
5,Edge,Rueben Bain Jr.,Miami,8.5,https://bleacherreport.com/articles/25249523-nfl-draft-2026-scouting-report-miami-edge-rueben-bain-jr
6,LB,Sonny Styles,Ohio State,8.4,https://bleacherreport.com/articles/25249903-nfl-draft-2026-scouting-report-ohio-state-lb-sonny-styles
7,Edge,David Bailey,Texas Tech,8.4,https://bleacherreport.com/articles/25258657-nfl-draft-2026-scouting-report-texas-tech-edge-david-bailey
8,CB,Mansoor Delane,LSU,8.2,https://bleacherreport.com/articles/25250719-nfl-draft-2026-scouting-report-lsu-cb-mansoor-delane
9,WR,Jordyn Tyson,Arizona State,8.2,https://bleacherreport.com/articles/25248631-nfl-draft-2026-scouting-report-arizona-state-wr-jordyn-tyson
10,WR,Carnell Tate,Ohio State,8.1,https://bleacherreport.com/articles/25252853-nfl-draft-2026-scouting-report-ohio-state-wr-carnell-tate
11,CB,Jermod McCoy,Tennessee,8.1,https://bleacherreport.com/articles/25389365-nfl-draft-2026-scouting-report-tennessee-cb-jermod-mccoy
12,WR,Kevin Concepcion,Texas A&M,8.1,https://bleacherreport.com/articles/25293025-nfl-draft-2026-scouting-report-texas-am-wr-kc-concepcion
13,IOL,Olaivavega Ioane,Penn State,8.1,https://bleacherreport.com/articles/25258484-nfl-draft-2026-scouting-report-penn-state-iol-olaivavega-ioane
14,WR,Makai Lemon,USC,8.1,https://bleacherreport.com/articles/25260194-nfl-draft-2026-scouting-report-usc-wr-makai-lemon
15,OT,Spencer Fano,Utah,8.0,https://bleacherreport.com/articles/25249795-nfl-draft-2026-scouting-report-utah-ot-spencer-fano
16,IOL,Francis Mauigoa,Miami,8.0,https://bleacherreport.com/articles/25250168-nfl-draft-2026-scouting-report-miami-iol-francis-mauigoa
17,TE,Kenyon Sadiq,Oregon,8.0,https://bleacherreport.com/articles/25248486-nfl-draft-2026-scouting-report-oregon-te-kenyon-sadiq
18,S,Dillon Thieneman,Oregon,8.0,https://bleacherreport.com/articles/25248478-nfl-draft-2026-scouting-report-oregon-s-dillon-thieneman
19,DL,Keldric Faulk,Auburn,8.0,https://bleacherreport.com/articles/25252729-nfl-draft-2026-scouting-report-auburn-edge-keldric-faulk
20,S,Emmanuel McNeil-Warren,Toledo,8.0,https://bleacherreport.com/articles/25253200-nfl-draft-2026-scouting-report-toledo-s-emmanuel-mcneil-warren
21,CB,Avieon Terrell,Clemson,8.0,https://bleacherreport.com/articles/25252318-nfl-draft-2026-scouting-report-clemson-cb-avieon-terrell
22,WR,Omar Cooper Jr.,Indiana,8.0,https://bleacherreport.com/articles/25294718-nfl-draft-2026-scouting-report-indiana-wr-omar-cooper-jr
23,Edge,T.J. Parker,Clemson,7.9,https://bleacherreport.com/articles/25248619-nfl-draft-2026-scouting-report-clemson-edge-tj-parker
24,DL,Kayden McDonald,Ohio State,7.9,https://bleacherreport.com/articles/25293715-nfl-draft-2026-scouting-report-ohio-state-dl-kayden-mcdonald
25,Edge,Akheem Mesidor,Miami,7.9,https://bleacherreport.com/articles/25345435-nfl-draft-2026-scouting-report-miami-edge-akheem-mesidor
26,LB,CJ Allen,Georgia,7.8,https://bleacherreport.com/articles/25253011-nfl-draft-2026-scouting-report-georgia-lb-cj-allen
27,CB,D'Angelo Ponds,Indiana,7.8,https://bleacherreport.com/articles/25292962-nfl-draft-2026-scouting-report-indiana-cb-dangelo-ponds
28,WR,Denzel Boston,Washington,7.8,https://bleacherreport.com/articles/25252048-nfl-draft-2026-scouting-report-washington-wr-denzel-boston
29,Edge,Cashius Howell,Texas A&M,7.8,https://bleacherreport.com/articles/25250796-nfl-draft-2026-scouting-report-texas-am-edge-cashius-howell
30,CB,Chris Johnson,San Diego State,7.8,https://bleacherreport.com/articles/25271599-nfl-draft-2026-scouting-report-sdsu-cb-chris-johnson
31,DL,Peter Woods,Clemson,7.8,https://bleacherreport.com/articles/25248167-nfl-draft-2026-scouting-report-clemson-dl-peter-woods
32,RB,Jadarian Price,Notre Dame,7.8,https://bleacherreport.com/articles/25311700-nfl-draft-2026-scouting-report-notre-dame-rb-jadarian-price
33,OT,Kadyn Proctor,Alabama,7.7,https://bleacherreport.com/articles/25240068-nfl-draft-2026-scouting-report-alabama-ot-kadyn-proctor
34,CB,Chandler Rivers,Duke,7.7,https://bleacherreport.com/articles/25258822-nfl-draft-2026-scouting-report-duke-cb-chandler-rivers
35,OT,Blake Miller,Clemson,7.7,https://bleacherreport.com/articles/25292325-nfl-draft-2026-scouting-report-clemson-ot-blake-miller
36,Edge,Zion Young,Missouri,7.7,https://bleacherreport.com/articles/25284911-nfl-draft-2026-scouting-report-missouri-edge-zion-young
37,LB,Jake Golday,Cincinnati,7.7,https://bleacherreport.com/articles/25291291-nfl-draft-2026-scouting-report-cincinnati-lb-jake-golday
38,WR,Chris Bell,Louisville,7.7,https://bleacherreport.com/articles/25262493-nfl-draft-2026-scouting-report-louisville-wr-chris-bell
39,DL,Lee Hunter,Texas Tech,7.7,https://bleacherreport.com/articles/25297372-nfl-draft-2026-scouting-report-texas-tech-dl-lee-hunter
40,CB,Malik Muhammad,Texas,7.7,https://bleacherreport.com/articles/25252759-nfl-draft-2026-scouting-report-texas-cb-malik-muhammad
41,S,Zakee Wheatley,Penn State,7.7,https://bleacherreport.com/articles/25250463-nfl-draft-2026-scouting-report-penn-state-s-zakee-wheatley
42,WR,Chris Brazzell II,Tennessee,7.7,https://bleacherreport.com/articles/25260055-nfl-draft-2026-scouting-report-tennessee-wr-chris-brazzell-ii
43,TE,Max Klare,Ohio State,7.7,https://bleacherreport.com/articles/25253135-nfl-draft-2026-scouting-report-ohio-state-te-max-klare
44,QB,Ty Simpson,Alabama,7.7,https://bleacherreport.com/articles/25258050-nfl-draft-2026-scouting-report-alabama-qb-ty-simpson
45,OT,Monroe Freeling,Georgia,7.6,https://bleacherreport.com/articles/25325883-nfl-draft-2026-scouting-report-georgia-ot-monroe-freeling
46,Edge,Malachi Lawrence,UCF,7.6,https://bleacherreport.com/articles/25405573-nfl-draft-2026-scouting-report-ucf-edge-malachi-lawrence
47,WR,Ted Hurst,Georgia State,7.6,https://bleacherreport.com/articles/25387628-nfl-draft-2026-scouting-report-georgia-state-wr-ted-hurst
48,DL,Christen Miller,Georgia,7.6,https://bleacherreport.com/articles/25259039-nfl-draft-2026-scouting-report-georgia-dl-christen-miller
49,WR,Skyler Bell,Connecticut,7.6,https://bleacherreport.com/articles/25294690-nfl-draft-2026-scouting-report-connecticut-wr-skyler-bell
50,Edge,Gabe Jacas,Illinois,7.6,https://bleacherreport.com/articles/25317002-nfl-draft-2026-scouting-report-illinois-edge-gabe-jacas
51,WR,Malachi Fields,Notre Dame,7.6,https://bleacherreport.com/articles/25361375-nfl-draft-2026-scouting-report-notre-dame-wr-malachi-fields
52,IOL,Keylan Rutledge,Georgia Tech,7.6,https://bleacherreport.com/articles/25250183-nfl-draft-2026-scouting-report-georgia-tech-iol-keylan-rutledge
53,S,A.J. Haulcy,LSU,7.6,https://bleacherreport.com/articles/25336527-nfl-draft-2026-scouting-report-lsu-s-aj-haulcy
54,CB,Colton Hood,Tennessee,7.6,https://bleacherreport.com/articles/25299813-nfl-draft-2026-scouting-report-tennessee-cb-colton-hood
55,WR,Germie Bernard,Alabama,7.5,https://bleacherreport.com/articles/25288898-nfl-draft-2026-scouting-report-alabama-wr-germie-bernard
56,IOL,Chase Bisontis,Texas A&M,7.5,https://bleacherreport.com/articles/25293122-nfl-draft-2026-scouting-report-texas-am-iol-chase-bisontis
57,OT,Caleb Lomu,Utah,7.5,https://bleacherreport.com/articles/25252260-nfl-draft-2026-scouting-report-utah-ot-caleb-lomu
58,S,Jalon Kilgore,South Carolina,7.5,https://bleacherreport.com/articles/25260916-nfl-draft-2026-scouting-report-south-carolina-cb-jalon-kilgore
59,Edge,R Mason Thomas,Oklahoma,7.5,https://bleacherreport.com/articles/25262883-nfl-draft-2026-scouting-report-oklahoma-edge-r-mason-thomas
60,DL,Caleb Banks,Florida,7.5,https://bleacherreport.com/articles/25289844-nfl-draft-2026-scouting-report-florida-dl-caleb-banks
61,WR,Deion Burks,Oklahoma,7.5,https://bleacherreport.com/articles/25327600-nfl-draft-2026-scouting-report-oklahoma-wr-deion-burks
62,IOL,Emmanuel Pregnon,Oregon,7.5,https://bleacherreport.com/articles/25260525-nfl-draft-2026-scouting-report-oregon-iol-emmanuel-pregnon
63,CB,Davison Igbinosun,Ohio State,7.5,https://bleacherreport.com/articles/25265220-nfl-draft-2026-scouting-report-ohio-state-cb-davison-igbinosun
64,LB,Josiah Trotter,Missouri,7.5,https://bleacherreport.com/articles/25385284-nfl-draft-2026-scouting-report-missouri-lb-josiah-trotter
65,WR,Zachariah Branch,Georgia,7.5,https://bleacherreport.com/articles/25270635-nfl-draft-2026-scouting-report-georgia-wr-zachariah-branch
66,RB,Mike Washington Jr.,Arkansas,7.5,https://bleacherreport.com/articles/25308282-nfl-draft-2026-scouting-report-arkansas-rb-mike-washington-jr
67,OT,Max Iheanachor,Arizona State,7.4,https://bleacherreport.com/articles/25295941-nfl-draft-2026-scouting-report-arizona-state-ot-max-iheanachor
68,WR,De'Zhaun Stribling,Ole Miss,7.4,https://bleacherreport.com/articles/25353590-nfl-draft-2026-scouting-report-ole-miss-wr-dezhaun-stribling
69,CB,Brandon Cisse,South Carolina,7.4,https://bleacherreport.com/articles/25252312-nfl-draft-2026-scouting-report-south-carolina-cb-brandon-cisse
70,S,Bud Clark,TCU,7.4,https://bleacherreport.com/articles/25294726-nfl-draft-2026-scouting-report-tcu-s-bud-clark
71,Edge,Derrick Moore,Michigan,7.4,https://bleacherreport.com/articles/25315217-nfl-draft-2026-scouting-report-michigan-edge-derrick-moore
72,WR,Antonio Williams,Clemson,7.4,https://bleacherreport.com/articles/25308258-nfl-draft-2026-scouting-report-clemson-wr-antonio-williams
73,LB,Anthony Hill Jr.,Texas,7.4,https://bleacherreport.com/articles/25251782-nfl-draft-2026-scouting-report-texas-lb-anthony-hill-jr
74,CB,Treydan Stukes,Arizona,7.4,https://bleacherreport.com/articles/25352707-nfl-draft-2026-scouting-report-arizona-cb-treydan-stukes
75,WR,Elijah Sarratt,Indiana,7.4,https://bleacherreport.com/articles/25260206-nfl-draft-2026-scouting-report-indiana-wr-elijah-sarratt
76,S,Kamari Ramsey,USC,7.4,https://bleacherreport.com/articles/25262645-nfl-draft-2026-scouting-report-usc-s-kamari-ramsey
77,TE,Michael Trigg,Baylor,7.4,https://bleacherreport.com/articles/25260928-nfl-draft-2026-scouting-report-baylor-te-michael-trigg
78,LB,Jacob Rodriguez,Texas Tech,7.3,https://bleacherreport.com/articles/25324593-nfl-draft-2026-scouting-report-texas-tech-lb-jacob-rodriguez
79,OT,Markel Bell,Miami,7.3,https://bleacherreport.com/articles/25361369-nfl-draft-2026-scouting-report-miami-ot-markel-bell
80,DL,Domonique Orange,Iowa State,7.3,https://bleacherreport.com/articles/25261690-nfl-draft-2026-scouting-report-iowa-state-dl-domonique-orange
81,Edge,Dani Dennis-Sutton,Penn State,7.3,https://bleacherreport.com/articles/25261646-nfl-draft-2026-scouting-report-penn-state-edge-dani-dennis-sutton
82,S,Genesis Smith,Arizona,7.3,https://bleacherreport.com/articles/25352435-nfl-draft-2026-scouting-report-arizona-s-genesis-smith
83,CB,Daylen Everette,Georgia,7.3,https://bleacherreport.com/articles/25316391-nfl-draft-2026-scouting-report-georgia-cb-daylen-everette
84,S,Jakobe Thomas,Miami,7.3,https://bleacherreport.com/articles/25336309-nfl-draft-2026-scouting-report-miami-s-jakobe-thomas
85,WR,Josh Cameron,Baylor,7.2,https://bleacherreport.com/articles/25344776-nfl-draft-2026-scouting-report-baylor-wr-josh-cameron
86,TE,Eli Raridon,Notre Dame,7.2,https://bleacherreport.com/articles/25260922-nfl-draft-2026-scouting-report-notre-dame-te-eli-raridon
87,CB,Julian Neal,Arkansas,7.2,https://bleacherreport.com/articles/25360237-nfl-draft-2026-scouting-report-arkansas-cb-julian-neal
88,WR,Cyrus Allen,Cincinnati,7.2,https://bleacherreport.com/articles/25387586-nfl-draft-2026-scouting-report-cincinnati-wr-cyrus-allen
89,IOL,Sam Hecht,Kansas State,7.2,https://bleacherreport.com/articles/25326833-nfl-draft-2026-scouting-report-kansas-state-iol-sam-hecht
90,DL,Darrell Jackson Jr.,Florida State,7.2,https://bleacherreport.com/articles/25313048-nfl-draft-2026-scouting-report-florida-state-dl-darrell-jackson-jr
91,TE,Sam Roush,Stanford,7.2,https://bleacherreport.com/articles/25312723-nfl-draft-2026-scouting-report-stanford-te-sam-roush
92,Edge,Romello Height,Texas Tech,7.2,https://bleacherreport.com/articles/25286597-nfl-draft-2026-scouting-report-texas-tech-edge-romello-height
93,TE,Eli Stowers,Vanderbilt,7.1,https://bleacherreport.com/articles/25392551-nfl-draft-2026-scouting-report-vanderbilt-te-eli-stowers
94,IOL,Gennings Dunker,Iowa,7.1,https://bleacherreport.com/articles/25263436-nfl-draft-2026-scouting-report-iowa-iol-gennings-dunker
95,CB,Keith Abney II,Arizona State,7.1,https://bleacherreport.com/articles/25299835-nfl-draft-2026-scouting-report-arizona-state-cb-keith-abney-ii
96,TE,Oscar Delp,Georgia,7.1,https://bleacherreport.com/articles/25285123-nfl-draft-2026-scouting-report-georgia-te-oscar-delp
97,CB,Ephesians Prysock,Washington,7.1,https://bleacherreport.com/articles/25386158-nfl-draft-2026-scouting-report-washington-cb-ephesians-prysock
98,TE,Justin Joly,North Carolina State,7.1,https://bleacherreport.com/articles/25347491-nfl-draft-2026-scouting-report-nc-state-te-justin-joly
99,OT,Caleb Tiernan,Northwestern,7.1,https://bleacherreport.com/articles/25260738-nfl-draft-2026-scouting-report-northwestern-ot-caleb-tiernan
100,DL,LT Overton,Alabama,7.1,https://bleacherreport.com/articles/25250725-nfl-draft-2026-scouting-report-alabama-dl-lt-overton
101,LB,Deontae Lawson,Alabama,7.1,https://bleacherreport.com/articles/25263600-nfl-draft-2026-scouting-report-alabama-lb-deontae-lawson
102,S,Louis Moore,Indiana,7.1,https://bleacherreport.com/articles/25325473-nfl-draft-2026-scouting-report-indiana-s-louis-moore
103,QB,Drew Allar,Penn State,7.0,https://bleacherreport.com/articles/25248553-nfl-draft-2026-scouting-report-penn-state-qb-drew-allar
104,OT,Travis Burke,Memphis,7.0,https://bleacherreport.com/articles/25405102-nfl-draft-2026-scouting-report-memphis-ot-travis-burke
105,Edge,Joshua Josephs,Tennessee,7.0,https://bleacherreport.com/articles/25292445-nfl-draft-2026-scouting-report-tennessee-edge-joshua-josephs
106,CB,Jadon Canady,Oregon,7.0,https://bleacherreport.com/articles/25326612-nfl-draft-2026-scouting-report-oregon-cb-jadon-canady
107,QB,Garrett Nussmeier,LSU,7.0,https://bleacherreport.com/articles/25250636-nfl-draft-2026-scouting-report-lsu-qb-garrett-nussmeier
108,OT,Austin Barber,Florida,7.0,https://bleacherreport.com/articles/25294411-nfl-draft-2026-scouting-report-florida-ot-austin-barber
109,IOL,Billy Schrauth,Notre Dame,7.0,https://bleacherreport.com/articles/25394562-nfl-draft-2026-scouting-report-notre-dame-iol-billy-schrauth
110,LB,Taurean York,Texas A&M,7.0,https://bleacherreport.com/articles/25259294-nfl-draft-2026-scouting-report-texas-am-lb-taurean-york
111,IOL,Jake Slaughter,Florida,7.0,https://bleacherreport.com/articles/25322985-nfl-draft-2026-scouting-report-florida-iol-jake-slaughter
112,WR,Ja'Kobi Lane,USC,7.0,https://bleacherreport.com/articles/25355189-nfl-draft-2026-scouting-report-usc-wr-jakobi-lane
113,CB,Devin Moore,Florida,7.0,https://bleacherreport.com/articles/25403359-nfl-draft-2026-scouting-report-florida-cb-devin-moore
114,IOL,Brian Parker II,Duke,7.0,https://bleacherreport.com/articles/25259248-nfl-draft-2026-scouting-report-duke-iol-brian-parker-ii
115,TE,Jack Endries,Texas,7.0,https://bleacherreport.com/articles/25250740-nfl-draft-2026-scouting-report-texas-te-jack-endries
116,IOL,Connor Lew,Auburn,7.0,https://bleacherreport.com/articles/25253258-nfl-draft-2026-scouting-report-auburn-c-connor-lew
117,OT,Jude Bowry,Boston College,7.0,https://bleacherreport.com/articles/25252279-nfl-draft-2026-scouting-report-boston-college-ot-jude-bowry
118,WR,Reggie Virgil,Texas Tech,7.0,https://bleacherreport.com/articles/25387602-nfl-draft-2026-scouting-report-texas-tech-wr-reggie-virgil
119,DL,Zane Durant,Penn State,6.9,https://bleacherreport.com/articles/25356962-nfl-draft-2026-scouting-report-penn-state-dl-zane-durant
120,QB,Carson Beck,Miami,6.9,https://bleacherreport.com/articles/25259988-nfl-draft-2026-scouting-report-miami-qb-carson-beck
121,RB,Emmett Johnson,Nebraska,6.9,https://bleacherreport.com/articles/25294697-nfl-draft-2026-scouting-report-nebraska-rb-emmett-johnson
122,Edge,Jaishawn Barham,Michigan,6.9,https://bleacherreport.com/articles/25406016-nfl-draft-2026-scouting-report-michigan-edge-jaishawn-barham
123,TE,Dallen Bentley,Utah,6.9,https://bleacherreport.com/articles/25403306-nfl-draft-2026-scouting-report-utah-te-dallen-bentley
124,S,Jalen Huskey,Maryland,6.9,https://bleacherreport.com/articles/25418540-nfl-draft-2026-scouting-report-maryland-s-jalen-huskey
125,OT,Diego Pounds,Ole Miss,6.9,https://bleacherreport.com/articles/25404809-nfl-draft-2026-scouting-report-ole-miss-ot-diego-pounds
126,TE,Marlin Klein,Michigan,6.9,https://bleacherreport.com/articles/25405350-nfl-draft-2026-scouting-report-michigan-te-marlin-klein
127,IOL,Beau Stephens,Iowa,6.9,https://bleacherreport.com/articles/25296059-nfl-draft-2026-scouting-report-iowa-iol-beau-stephens
128,CB,Keionte Scott,Miami,6.9,https://bleacherreport.com/articles/25354469-nfl-draft-2026-scouting-report-miami-cb-keionte-scott
129,DL,Gracen Halton,Oklahoma,6.8,https://bleacherreport.com/articles/25328806-nfl-draft-2026-scouting-report-oklahoma-dl-gracen-halton
130,IOL,Jalen Farmer,Kentucky,6.8,https://bleacherreport.com/articles/25358098-nfl-draft-2026-scouting-report-kentucky-iol-jalen-farmer
131,CB,Will Lee III,Texas A&M,6.8,https://bleacherreport.com/articles/25286209-nfl-draft-2026-scouting-report-texas-am-cb-will-lee-iii
132,TE,Dae'Quan Wright,Ole Miss,6.8,https://bleacherreport.com/articles/25397231-nfl-draft-2026-scouting-report-ole-miss-te-daequan-wright
133,QB,Taylen Green,Arkansas,6.8,https://bleacherreport.com/articles/25250851-nfl-draft-2026-scouting-report-arkansas-qb-taylen-green
134,OT,Kage Casey,Boise State,6.8,https://bleacherreport.com/articles/25252270-nfl-draft-2026-scouting-report-boise-state-ot-kage-casey
135,S,Xavier Nwankpa,Iowa,6.8,https://bleacherreport.com/articles/25265402-nfl-draft-2026-scouting-report-iowa-s-xavier-nwankpa
136,CB,Domani Jackson,Alabama,6.8,https://bleacherreport.com/articles/25263485-nfl-draft-2026-scouting-report-alabama-cb-domani-jackson
137,QB,Cole Payton,North Dakota State,6.7,https://bleacherreport.com/articles/25308268-nfl-draft-2026-scouting-report-ndsu-qb-cole-payton
138,Edge,Keyron Crawford,Auburn,6.7,https://bleacherreport.com/articles/25405082-nfl-draft-2026-scouting-report-auburn-edge-keyron-crawford
139,TE,Josh Cuevas,Alabama,6.7,https://bleacherreport.com/articles/25361043-nfl-draft-2026-scouting-report-alabama-te-josh-cuevas
140,CB,Tacario Davis,Washington,6.7,https://bleacherreport.com/articles/25384696-nfl-draft-2026-scouting-report-washington-cb-tacario-davis
141,S,VJ Payne,Kansas State,6.7,https://bleacherreport.com/articles/25404080-nfl-draft-2026-scouting-report-kansas-state-s-vj-payne
142,IOL,Logan Taylor,Boston College,6.7,https://bleacherreport.com/articles/25263640-nfl-draft-2026-scouting-report-boston-college-iol-logan-taylor
143,LB,Lander Barton,Utah,6.7,https://bleacherreport.com/articles/25359119-nfl-draft-2026-scouting-report-utah-lb-lander-barton
144,CB,Hezekiah Masses,California,6.7,https://bleacherreport.com/articles/25387440-nfl-draft-2026-scouting-report-cal-cb-hezekiah-masses
145,IOL,Febechi Nwaiwu,Oklahoma,6.7,https://bleacherreport.com/articles/25394648-nfl-draft-2026-scouting-report-oklahoma-iol-febechi-nwaiwu
146,IOL,Parker Brailsford,Alabama,6.7,https://bleacherreport.com/articles/25253091-nfl-draft-2026-scouting-report-alabama-iol-parker-brailsford
147,RB,Kaytron Allen,Penn State,6.7,https://bleacherreport.com/articles/25297868-nfl-draft-2026-scouting-report-penn-state-rb-kaytron-allen
148,DL,Tim Keenan III,Alabama,6.7,https://bleacherreport.com/articles/25261188-nfl-draft-2026-scouting-report-alabama-dl-tim-keenan-iii
149,IOL,Carver Willis,Washington,6.7,https://bleacherreport.com/articles/25358046-nfl-draft-2026-scouting-report-washington-iol-carver-willis
150,TE,Will Kacmarek,Ohio State,6.7,https://bleacherreport.com/articles/25411240-nfl-draft-2026-scouting-ohio-state-te-will-kacmarek
151,WR,Bryce Lance,North Dakota State,6.6,https://bleacherreport.com/articles/25308275-nfl-draft-2026-scouting-report-ndsu-wr-bryce-lance
152,DL,Chris McClellan,Missouri,6.6,https://bleacherreport.com/articles/25388542-nfl-draft-2026-scouting-report-missouri-dl-chris-mcclellan
153,TE,Joe Royer,Cincinnati,6.6,https://bleacherreport.com/articles/25266098-nfl-draft-2026-scouting-report-cincinnati-te-joe-royer
154,CB,Devon Marshall,North Carolina State,6.7,https://bleacherreport.com/articles/25416443-nfl-draft-2026-scouting-report-nc-state-cb-devon-marshall
155,RB,Jonah Coleman,Washington,6.6,https://bleacherreport.com/articles/25274674-nfl-draft-2026-scouting-report-washington-rb-jonah-coleman
156,Edge,Tyreak Sapp,Florida,6.6,https://bleacherreport.com/articles/25260751-nfl-draft-2026-scouting-report-florida-edge-tyreak-sapp
157,LB,Harold Perkins Jr.,LSU,6.6,https://bleacherreport.com/articles/25350368-nfl-draft-2026-scouting-report-lsu-lb-harold-perkins
158,WR,Brenen Thompson,Mississippi State,6.6,https://bleacherreport.com/articles/25283754-nfl-draft-2026-scouting-report-mississippi-state-wr-brenen-thompson
159,CB,T.J. Hall,Iowa,6.6,https://bleacherreport.com/articles/25387537-nfl-draft-2026-scouting-report-iowa-cb-tj-hall
160,RB,Demond Claiborne,Wake Forest,6.5,https://bleacherreport.com/articles/25409185-nfl-draft-2026-scouting-report-wake-forest-rb-demond-claiborne
161,WR,Caleb Douglas,Texas Tech,6.5,https://bleacherreport.com/articles/25392193-nfl-draft-2026-scouting-report-texas-tech-wr-caleb-douglas
162,IOL,Trey Zuhn III,Texas A&M,6.5,https://bleacherreport.com/articles/25298011-nfl-draft-2026-scouting-report-texas-am-iol-trey-zuhn-iii
163,DL,Rayshaun Benny,Michigan,6.5,https://bleacherreport.com/articles/25360316-nfl-draft-2026-scouting-report-michigan-dl-rayshaun-benny
164,WR,Lewis Bond,Boston College,6.6,https://bleacherreport.com/articles/25360394-nfl-draft-2026-scouting-report-boston-college-wr-lewis-bond
165,CB,Thaddeus Dixon,North Carolina,6.5,https://bleacherreport.com/articles/25386246-nfl-draft-2026-scouting-report-north-carolina-cb-thaddeus-dixon
166,DL,DeMonte Capehart,Clemson,6.5,https://bleacherreport.com/articles/25408447-nfl-draft-2026-scouting-report-clemson-dl-demonte-capehart
167,IOL,Anez Cooper,Miami,6.5,https://bleacherreport.com/articles/25358112-nfl-draft-2026-scouting-report-miami-iol-anez-cooper
168,TE,Tanner Koziol,Houston,6.5,https://bleacherreport.com/articles/25316051-nfl-draft-2026-scouting-report-houston-te-tanner-koziol
169,IOL,Logan Jones,Iowa,6.5,https://bleacherreport.com/articles/25253272-nfl-draft-2026-scouting-report-iowa-c-logan-jones
170,S,Robert Spears-Jennings,Oklahoma,6.5,https://bleacherreport.com/articles/25404348-nfl-draft-2026-scouting-report-oklahoma-s-robert-spears-jennings
171,RB,Le'Veon Moss,Texas A&M,6.5,https://bleacherreport.com/articles/25263024-nfl-draft-2026-scouting-report-texas-am-rb-leveon-moss
172,IOL,Garrett DiGiorgio,UCLA,6.5,https://bleacherreport.com/articles/25328377-nfl-draft-2026-scouting-report-ucla-iol-garrett-digiorgio
173,WR,CJ Daniels,Miami,6.5,https://bleacherreport.com/articles/25360080-nfl-draft-2026-scouting-report-miami-wr-cj-daniels
174,LB,Justin Jefferson,Alabama,6.5,https://bleacherreport.com/articles/25370096-nfl-draft-2026-scouting-report-alabama-lb-justin-jefferson
175,DL,Nick Barrett,South Carolina,6.4,https://bleacherreport.com/articles/25392564-nfl-draft-2026-scouting-report-south-carolina-dl-nick-barrett
176,RB,Adam Randall,Clemson,6.4,https://bleacherreport.com/articles/25309126-nfl-draft-2026-scouting-report-clemson-rb-adam-randall
177,LB,Bryce Boettcher,Oregon,6.4,https://bleacherreport.com/articles/25322269-nfl-draft-2026-scouting-report-oregon-lb-bryce-boettcher
178,OT,Aamil Wagner,Notre Dame,6.4,https://bleacherreport.com/articles/25392558-nfl-draft-2026-scouting-report-notre-dame-ot-aamil-wagner
179,S,Michael Taaffe,Texas,6.4,https://bleacherreport.com/articles/25358964-nfl-draft-2026-scouting-report-texas-s-michael-taaffe
180,Edge,Anthony Lucas,USC,6.4,https://bleacherreport.com/articles/25357610-nfl-draft-2026-scouting-report-usc-edge-anthony-lucas
181,S,Jalen Stroman,Notre Dame,6.4,https://bleacherreport.com/articles/25394017-nfl-draft-2026-scouting-report-notre-dame-s-jalen-stroman
182,IOL,Gavin Ortega,Weber State,6.4,https://bleacherreport.com/articles/25418663-nfl-draft-2026-scouting-report-weber-state-iol-gavin-ortega
183,DL,Dontay Corleone,Cincinnati,6.4,https://bleacherreport.com/articles/25342623-nfl-draft-2026-scouting-report-cincinnati-dl-dontay-corleone
184,LB,Kyle Louis,Pittsburgh,6.3,https://bleacherreport.com/articles/25389424-nfl-draft-2026-scouting-report-pittsburgh-lb-kyle-louis
185,TE,Nate Boerkircher,Texas A&M,6.3,https://bleacherreport.com/articles/25391689-nfl-draft-2026-scouting-report-texas-am-te-nate-boerkircher
186,OT,Dametrious Crownover,Texas A&M,6.3,https://bleacherreport.com/articles/25328605-nfl-draft-2026-scouting-report-texas-am-dametrious-crownover
187,WR,Kaden Wetjen,Iowa,6.3,https://bleacherreport.com/articles/25392392-nfl-draft-2026-scouting-report-iowa-wr-kaden-wetjen
188,Edge,Caden Curry,Ohio State,6.3,https://bleacherreport.com/articles/25370543-nfl-draft-2026-scouting-report-ohio-state-caden-curry
189,TE,Riley Nowakowski,Indiana,6.3,https://bleacherreport.com/articles/25355455-nfl-draft-2026-scouting-report-indiana-te-riley-nowakowski
190,RB,Nicholas Singleton,Penn State,6.3,https://bleacherreport.com/articles/25248625-nfl-draft-2026-scouting-report-penn-state-rb-nicholas-singleton
191,DL,Albert Regis,Texas A&M,6.3,https://bleacherreport.com/articles/25406619-nfl-draft-2026-scouting-report-texas-am-dl-albert-regis
192,IOL,Jeremiah Wright,Auburn,6.3,https://bleacherreport.com/articles/25358081-nfl-draft-2026-scouting-report-auburn-iol-jeremiah-wright
193,DL,Max Llewellyn,Iowa,6.3,https://bleacherreport.com/articles/25387522-nfl-draft-2026-scouting-report-iowa-edge-max-llewellyn
194,S,Jacob Thomas,James Madison,6.3,https://bleacherreport.com/articles/25327698-nfl-draft-2026-scouting-report-james-madison-s-jacob-thomas
195,CB,Andre Fuller,Toledo,6.3,https://bleacherreport.com/articles/25403760-nfl-draft-2026-scouting-report-toledo-cb-andre-fuller
196,RB,Roman Hemby,Indiana,6.2,https://bleacherreport.com/articles/25327024-nfl-draft-2026-scouting-report-indiana-rb-roman-hemby
197,LB,Aiden Fisher,Indiana,6.2,https://bleacherreport.com/articles/25353898-nfl-draft-2026-scouting-report-indiana-lb-aiden-fisher
198,Edge,Nadame Tucker,Western Michigan,6.2,https://bleacherreport.com/articles/25407740-nfl-draft-2026-scouting-report-western-michigan-edge-nadame-tucker
199,WR,Jeff Caldwell,Cincinnati,6.2,https://bleacherreport.com/articles/25409175-nfl-draft-2026-scouting-report-cincinnati-wr-jeff-caldwell
200,DL,Tyler Onyedim,Texas A&M,6.2,https://bleacherreport.com/articles/25415945-nfl-draft-2026-scouting-report-texas-am-dl-tyler-onyedim
201,IOL,Keagen Trost,Missouri,6.2,https://bleacherreport.com/articles/25294405-nfl-draft-2026-scouting-report-missouri-iol-keagen-trost
202,OT,Drew Shelton,Penn State,6.2,https://bleacherreport.com/articles/25263721-nfl-draft-2026-scouting-report-penn-state-ot-drew-shelton
203,TE,John Michael Gyllenborg,Wyoming,6.2,https://bleacherreport.com/articles/25406557-nfl-draft-2026-scouting-report-wyoming-te-john-michael-gyllenborg
204,WR,Eric McAlister,TCU,6.2,
205,OT,Isaiah World,Oregon,6.2,https://bleacherreport.com/articles/25258493-nfl-draft-2026-scouting-report-oregon-ot-isaiah-world
206,LB,Keyshaun Elliott,Arizona State,6.2,https://bleacherreport.com/articles/25410048-nfl-draft-2026-scouting-report-arizona-state-lb-keyshaun-elliott
207,P,Brett Thorson,Georgia,6.2,
208,S,Dalton Johnson,Arizona,6.1,https://bleacherreport.com/articles/25418607-nfl-draft-2026-scouting-report-arizona-s-dalton-johnson
209,CB,Toriano Pride,Missouri,6.1,https://bleacherreport.com/articles/25416433-nfl-draft-2026-scouting-report-missouri-cb-toriano-pride
210,RB,Kaelon Black,Indiana,6.1,https://bleacherreport.com/articles/25327683-nfl-draft-2026-scouting-report-indiana-rb-kaelon-black
211,OT,Nolan Rucci,Penn State,6.1,https://bleacherreport.com/articles/25388470-nfl-draft-2026-scouting-report-penn-state-ot-nolan-rucci
212,Edge,Vincent Anthony Jr.,Duke,6.1,https://bleacherreport.com/articles/25411065-nfl-draft-2026-scouting-report-duke-edge-vincent-anthony-jr
213,DL,Cameron Ball,Arkansas,6.1,https://bleacherreport.com/articles/25418474-nfl-draft-2026-scouting-report-arkansas-dl-cameron-ball
214,WR,Kevin Coleman Jr.,Missouri,6.1,https://bleacherreport.com/articles/25417556-nfl-draft-2026-scouting-report-missouri-wr-kevin-coleman-jr
215,S,Cole Wisniewski,Texas Tech,6.1,https://bleacherreport.com/articles/25417320-nfl-draft-2026-scouting-report-texas-tech-s-cole-wisniewski
216,K,Trey Smack,Florida,6.1,
217,LB,Jimmy Rolder,Michigan,6.1,https://bleacherreport.com/articles/25417483-nfl-draft-2026-scouting-report-michigan-lb-jimmy-rolder
218,S,Lorenzo Styles,Ohio State,6.1,https://bleacherreport.com/articles/25414290-nfl-draft-2026-scouting-report-ohio-state-db-lorenzo-styles
219,IOL,DJ Campbell,Texas,6.1,https://bleacherreport.com/articles/25404045-nfl-draft-2026-scouting-report-texas-iol-dj-campbell
220,WR,Eric Rivers,Georgia Tech,6.1,https://bleacherreport.com/articles/25418915-nfl-draft-2026-scouting-report-georgia-tech-wr-eric-rivers
221,DL,Zxavian Harris,Ole Miss,6.1,https://bleacherreport.com/articles/25354803-nfl-draft-2026-scouting-report-ole-miss-dl-zxavian-harris
222,TE,Dan Villari,Syracuse,6.1,https://bleacherreport.com/articles/25387651-nfl-draft-2026-scouting-report-syracuse-te-dan-villari
223,IOL,Caden Barnett,Wyoming,6.0,https://bleacherreport.com/articles/25328620-nfl-draft-2026-scouting-report-wyoming-iol-caden-barnett
224,DL,Kaleb Proctor,Southeastern Louisiana,6.0,https://bleacherreport.com/articles/25410789-nfl-draft-2026-scouting-report-southeastern-louisiana-dl-kaleb-proctor
225,RB,Eli Heidenreich,Navy,6.0,https://bleacherreport.com/articles/25409210-nfl-draft-2026-scouting-report-navy-rb-eli-heidenreich
226,WR,Dillon Bell,Georgia,6.0,https://bleacherreport.com/articles/25418924-nfl-draft-2026-scouting-report-georgia-wr-dillon-bell
227,IOL,Evan Beerntsen,Northwestern,6.0,https://bleacherreport.com/articles/25415253-nfl-draft-2026-scouting-report-northwestern-iol-evan-beerntsen
228,IOL,Micah Morris,Georgia,6.0,https://bleacherreport.com/articles/25404715-nfl-draft-2026-scouting-report-georgia-iol-micah-morris
229,LB,Kaleb Elarms-Orr,TCU,6.0,https://bleacherreport.com/articles/25415284-nfl-draft-2026-scouting-report-tcu-lb-kaleb-elarms-orr
230,IOL,Matt Gulbin,Michigan State,6.0,https://bleacherreport.com/articles/25406788-nfl-draft-2026-scouting-report-michigan-state-iol-matt-gulbin
231,QB,Cade Klubnik,Clemson,6.0,https://bleacherreport.com/articles/25307776-nfl-draft-2026-scouting-report-clemson-qb-cade-klubnik
232,WR,Barion Brown,LSU,6.0,https://bleacherreport.com/articles/25418518-nfl-draft-2026-scouting-report-lsu-wr-barion-brown
233,Edge,Mikail Kamara,Indiana,6.0,
234,WR,Kendrick Law,Kentucky,6.0,https://bleacherreport.com/articles/25399428-nfl-draft-2026-scouting-report-kentucky-wr-kendrick-law
235,TE,Matthew Hibner,SMU,6.0,
236,DL,Jordan Van Den Berg,Georgia Tech,5.9,https://bleacherreport.com/articles/25416321-nfl-draft-2026-scouting-report-georgia-tech-dl-jordan-van-den-berg
237,CB,Avery Smith,Toledo,5.9,https://bleacherreport.com/articles/25403734-nfl-draft-2026-scouting-report-toledo-cb-avery-smith
238,WR,Keelan Marion,Miami,5.9,https://bleacherreport.com/articles/25359055-nfl-draft-2026-scouting-report-miami-wr-keelan-marion
239,IOL,Josh Gesky,Illinois,5.9,https://bleacherreport.com/articles/25415064-nfl-draft-2026-scouting-report-illinois-iol-josh-gesky
240,Edge,Jack Pyburn,LSU,5.9,https://bleacherreport.com/articles/25390304-nfl-draft-2026-scouting-report-lsu-edge-jack-pyburn
241,IOL,Fernando Carmona,Arkansas,5.9,https://bleacherreport.com/articles/25329157-nfl-draft-2026-scouting-report-arkansas-iol-fernando-carmona
242,CB,Charles Demmings,Stephen F. Austin,5.9,https://bleacherreport.com/articles/25409022-nfl-draft-2026-scouting-report-stephen-f-austin-cb-charles-demmings
243,QB,Sawyer Robertson,Baylor,5.9,https://bleacherreport.com/articles/25361051-nfl-draft-2026-scouting-report-baylor-qb-sawyer-robertson
244,OT,J.C. Davis,Illinois,5.9,https://bleacherreport.com/articles/25357936-nfl-draft-2026-scouting-report-illinois-ot-jc-davis
245,DL,Skyler Gill-Howard,Texas Tech,5.9,https://bleacherreport.com/articles/25409148-nfl-draft-2026-scouting-report-texas-tech-dl-skyler-gill-howard
246,K,Dominic Zvada,Michigan,5.9,
247,IOL,Pat Coogan,Indiana,5.9,https://bleacherreport.com/articles/25295947-nfl-draft-2026-scouting-report-indiana-iol-pat-coogan
248,TE,Khalil Dinkins,Penn State,5.9,https://bleacherreport.com/articles/25407042-nfl-draft-2026-scouting-report-penn-state-te-khalil-dinkins
249,CB,Collin Wright,Stanford,5.9,
250,WR,Zavion Thomas,LSU,5.9,https://bleacherreport.com/articles/25417509-nfl-draft-2026-scouting-report-lsu-wr-zavion-thomas
251,LB,Red Murdock,Buffalo,5.9,https://bleacherreport.com/articles/25418405-nfl-draft-2026-scouting-report-buffalo-lb-red-murdock
252,QB,Diego Pavia,Vanderbilt,5.9,https://bleacherreport.com/articles/25394396-nfl-draft-2026-scouting-report-vanderbilt-qb-diego-pavia
253,RB,J'Mari Taylor,Virginia,5.9,https://bleacherreport.com/articles/25412762-nfl-draft-2026-scouting-report-virginia-rb-jmari-taylor
254,IOL,Ar'maj Reed-Adams,Texas A&M,5.8,https://bleacherreport.com/articles/25407206-nfl-draft-2026-scouting-report-texas-am-iol-armaj-reed-adams
255,QB,Haynes King,Georgia Tech,5.8,https://bleacherreport.com/articles/25416854-nfl-draft-2026-scouting-report-georgia-tech-qb-haynes-king
256,IOL,Alex Harkey,Oregon,5.8,https://bleacherreport.com/articles/25328390-nfl-draft-2026-scouting-report-oregon-iol-alex-harkey
257,CB,Latrell McCutchin Sr.,Houston,5.8,https://bleacherreport.com/articles/25410819-nfl-draft-2026-scouting-report-houston-cb-latrell-mccutchin-sr
258,S,Bishop Fitzgerald,USC,5.8,https://bleacherreport.com/articles/25411583-nfl-draft-2026-scouting-report-usc-s-bishop-fitzgerald
259,DL,Landon Robinson,Navy,5.8,https://bleacherreport.com/articles/25413845-nfl-draft-2026-scouting-report-navy-dl-landon-robinson
260,WR,Aaron Anderson,LSU,5.8,https://bleacherreport.com/articles/25356883-nfl-draft-2026-scouting-report-lsu-wr-aaron-anderson
261,Edge,Logan Fano,Utah,5.8,https://bleacherreport.com/articles/25394250-nfl-draft-2026-scouting-report-utah-edge-logan-fano
262,DL,Bryson Eason,Tennessee,5.8,
263,IOL,Joshua Braun,Kentucky,5.8,https://bleacherreport.com/articles/25406602-nfl-draft-2026-scouting-report-kentucky-ot-joshua-braun
264,LB,Eric Gentry,USC,5.8,https://bleacherreport.com/articles/25413076-nfl-draft-2026-scouting-report-usc-lb-eric-gentry
265,OT,Jayden Williams,Ole Miss,5.8,https://bleacherreport.com/articles/25418039-nfl-draft-2026-scouting-report-ole-miss-ot-jayden-williams
266,LB,Wesley Bissainthe,Miami,5.8,
267,WR,Caullin Lacy,Louisville,5.8,https://bleacherreport.com/articles/25414560-nfl-draft-2026-scouting-report-louisville-wr-caullin-lacy
268,DL,Wesley Williams,Duke,5.8,
269,RB,Noah Whittington,Oregon,5.8,https://bleacherreport.com/articles/25326454-nfl-draft-2026-scouting-report-oregon-rb-noah-whittington
270,Edge,Quintayvious Hutchins,Boston College,5.8,https://bleacherreport.com/articles/25411492-nfl-draft-2026-scouting-report-boston-college-edge-quintayvious-hutchins
271,IOL,Jager Burton,Kentucky,5.7,https://bleacherreport.com/articles/25407097-nfl-draft-2026-scouting-report-kentucky-iol-jager-burton
272,Edge,Mason Reiger,Wisconsin,5.7,
273,DL,Deven Eastern,Minnesota,5.7,https://bleacherreport.com/articles/25414449-nfl-draft-2026-scouting-report-minnesota-dl-deven-eastern
274,TE,Jaren Kanak,Oklahoma,5.7,https://bleacherreport.com/articles/25417365-nfl-draft-2026-scouting-report-oklahoma-tefb-jaren-kanak
275,LB,Jackson Kuwatch,Miami OH,5.7,
276,S,Isaiah Nwokobia,SMU,5.7,
277,WR,Harrison Wallace III,Ole Miss,5.7,
278,LB,Jack Kelly,BYU,5.7,https://bleacherreport.com/articles/25412608-nfl-draft-2026-scouting-report-byu-lb-jack-kelly
279,RB,CJ Donaldson,Ohio State,5.7,
280,CB,Marcus Allen,North Carolina,5.7,
281,WR,Chase Roberts,BYU,5.7,https://bleacherreport.com/articles/25418599-nfl-draft-2026-scouting-report-byu-wr-chase-roberts
282,QB,Joey Aguilar,Tennessee,5.7,https://bleacherreport.com/articles/25418673-nfl-draft-2026-scouting-report-tennessee-qb-joey-aguilar
283,OT,Alan Herron,Maryland,5.7,https://bleacherreport.com/articles/25394967-nfl-draft-2026-scouting-report-maryland-ot-alan-herron
284,S,DeShon Singleton,Nebraska,5.7,https://bleacherreport.com/articles/25418583-nfl-draft-2026-scouting-report-nebraska-s-deshon-singleton
285,Edge,George Gumbs Jr.,Florida,5.7,
286,P,Jack Stonehouse,Syracuse,5.7,
287,DL,Aaron Graves,Iowa,5.6,https://bleacherreport.com/articles/25369625-nfl-draft-2026-scouting-report-iowa-dl-aaron-graves
288,LB,Scooby Williams,Texas A&M,5.6,
289,LB,Trey Moore,Texas,5.6,
290,RB,Jam Miller,Alabama,5.6,
291,DL,Jackie Marshall,Baylor,5.6,
292,WR,Tyren Montgomery,John Carroll,5.6,https://bleacherreport.com/articles/25396277-nfl-draft-2026-scouting-report-jcu-wr-tyren-montgomery
293,IOL,Enrique Cruz Jr.,Kansas,5.6,https://bleacherreport.com/articles/25403998-nfl-draft-2026-scouting-report-kansas-iol-enrique-cruz-jr
294,LB,Jack Dingle,Cincinnati,5.6,
295,IOL,Henry Lutovsky,Nebraska,5.6,https://bleacherreport.com/articles/25418932-nfl-draft-2026-scouting-report-nebraska-iol-henry-lutovsky
296,K,Drew Stevens,Iowa,5.6,
297,LB,Xavian Sorey Jr.,Arkansas,5.5,
298,RB,Desmond Reid,Pittsburgh,5.5,https://bleacherreport.com/articles/25393700-nfl-draft-2026-scouting-report-pittsburgh-rb-desmond-reid
299,IOL,James Brockermeyer,Miami,5.5,https://bleacherreport.com/articles/25387593-nfl-draft-2026-scouting-report-miami-iol-james-brockermeyer
300,QB,Luke Altmyer,Illinois,5.5,https://bleacherreport.com/articles/25418903-nfl-draft-2026-scouting-report-illinois-qb-luke-altmyer
